FILE	000.png	1041	2532
L	279	909	84	95	0.50	두
L	209	1313	66	69	0.50	두
L	445	1634	114	213	0.50	두
L	231	1678	69	73	0.50	두
L	610	1751	117	128	0.50	두
L	150	1788	264	176	0.50	두
L	503	1840	66	110	0.50	두
L	529	1972	191	187	0.50	두
FILE	001.png	1041	2532
FILE	002.png	1041	2532
FILE	003.png	1041	2532
L	621	1185	55	51	0.30	팟
FILE	004.png	1041	2532
L	320	526	261	224	0.50	아
L	235	875	353	426	0.30	애
L	170	1283	751	682	0.30	킥습
FILE	005.png	1041	2532
L	178	1541	594	334	0.50	최후의,
L	71	1612	818	571	0.50	• 만찬이다!!
FILE	006.png	1041	2532
FILE	007.png	1041	2532
FILE	008.png	1041	2532
FILE	009.png	1041	2532
FILE	010.png	1041	2532
FILE	011.png	1041	2532
FILE	012.png	1041	2532
L	239	92	231	125	0.50	저런,
L	221	204	270	117	0.30	브신이
L	248	316	211	139	0.50	..!!
FILE	013.png	1041	2532
L	537	110	191	67	0.50	『죄인의
L	581	180	136	67	0.50	창자』
L	445	934	301	48	1.00	드디어 본 모습을
L	481	989	235	48	1.00	드러냈구나..
FILE	014.png	1041	2532
FILE	015.png	1041	2532
L	559	540	187	59	0.50	키스12.
L	150	923	651	210	0.50	오장육분
FILE	016.png	1041	2532
FILE	017.png	1041	2532
L	320	827	360	206	0.50	분해
FILE	018.png	1041	2532
FILE	019.png	1041	2532
FILE	020.png	1041	2532
FILE	021.png	1041	2532
L	643	55	95	106	0.30	쾅
L	408	312	91	117	0.30	쾅
FILE	022.png	1041	611
FILE	023.png	1041	2532
FILE	024.png	1041	1817
FILE	025.png	1041	2532
L	658	563	58	80	0.50	명
L	419	1575	51	44	0.50	기
L	526	2359	95	99	0.50	구
FILE	026.png	1041	2532
L	408	2156	183	58	0.50	하계군
L	157	2221	636	130	0.50	야차 특 전 대
FILE	027.png	1041	2532
FILE	028.png	1041	2532
FILE	029.png	1041	2532
FILE	030.png	1041	2532
L	178	1297	620	970	0.30	앙
FILE	031.png	1041	2532
FILE	032.png	1041	2251
FILE	033.png	1041	2532
L	474	338	294	276	1.00	!!!!
FILE	034.png	1041	2532
L	397	121	180	63	1.00	잡았다!
FILE	035.png	1041	2532
FILE	036.png	1041	2532
FILE	037.png	1041	2532
FILE	038.png	1041	2532
FILE	039.png	1041	2532
FILE	040.png	1041	2532
FILE	041.png	1041	2532
FILE	042.png	1041	1785
FILE	043.png	1041	2532
L	132	713	80	121	0.50	스
L	95	1317	84	169	0.50	스
L	183	1468	84	180	0.50	스
FILE	044.png	1041	2532
FILE	045.png	1041	2532
FILE	046.png	1041	2532
L	272	812	449	82	0.50	Anti-Cross
L	180	1188	389	401	0.50	화
FILE	047.png	1041	2532
L	189	822	620	1023	0.30	콩
FILE	048.png	1041	2532
FILE	049.png	1041	2532
L	452	1494	33	80	0.30	스륵
FILE	050.png	1041	2532
L	168	21	694	465	0.30	퍼평
L	445	1107	265	70	1.00	내가 너를
L	441	1180	276	78	0.50	기억하마.
FILE	051.png	1041	2532
FILE	052.png	1041	2532
L	342	0	110	51	0.50	a B
L	614	7	29	40	1.00	8
L	526	11	33	36	0.50	V
FILE	053.png	1041	2532
FILE	054.png	1041	2532
L	349	2377	206	59	0.50	방심하지
L	360	2439	191	55	0.50	말라고..
FILE	055.png	1041	2532
L	559	787	176	51	0.50	...더럽게.
L	423	1081	51	33	0.30	꾸깃
L	209	1574	187	106	0.50	뭐야
L	220	1663	187	107	1.00	??!!
L	248	2136	483	209	0.50	샹 대체 뭐가
L	228	2238	511	208	0.50	더럽단 거냐!!
FILE	056.png	1041	2182
L	471	1046	167	57	0.50	똥꼬리.
FILE	057.png	1041	2477
FILE	058.png	1041	2532
FILE	059.png	1041	2532
L	331	1475	209	103	0.50	외 변
L	426	1537	349	158	1.00	고양이
L	217	1567	235	121	0.50	저격
L	603	2204	132	48	0.30	엣-취©
FILE	060.png	1041	2532
FILE	061.png	1041	2532
FILE	062.png	1041	2532
L	345	1729	99	59	0.50	사뿐
L	400	1909	158	52	0.50	_사뿐
FILE	063.png	1041	2532
FILE	064.png	1041	2532
L	312	820	191	51	0.50	..부끄러...
L	217	1310	44	51	0.30	휘
L	194	1692	55	47	1.00	이
FILE	065.png	1041	2532
L	312	239	40	55	0.30	찔
L	485	445	91	55	0.50	슬금
L	754	732	40	44	0.30	금
L	713	732	40	44	0.50	슬
L	459	993	91	48	0.50	슬금
L	548	1218	77	44	0.50	슬금
L	286	1810	198	59	0.50	클클클...
L	293	1876	148	61	0.50	망들의
L	290	1945	155	60	0.50	기세가
L	271	2012	237	64	0.50	떨어졌군..
FILE	066.png	1041	2532
L	121	260	297	232	0.50	샹!!
FILE	067.png	1041	2532
FILE	068.png	1041	2532
L	217	1063	128	158	0.50	오
L	533	1714	51	51	0.50	오
L	294	2030	117	67	0.50	하하,
L	283	2090	139	51	0.50	하계는
L	257	2145	194	55	0.50	역시 육군
L	297	2203	114	55	0.50	인가.
FILE	069.png	1041	2532
L	261	264	202	51	0.50	딱 기다리
L	257	325	217	54	0.50	라고 키스..
L	555	537	25	33	0.50	?
L	198	1541	441	52	1.00	...저런 게 원래 있었나..?
L	606	1946	69	44	0.50	몽실
L	559	1998	69	40	0.50	몽실
FILE	070.png	1041	2532
L	636	860	80	55	0.50	어?
FILE	071.png	1041	2532
L	478	353	47	58	0.30	뽁
L	691	1177	125	110	0.50	꺅!
L	327	2322	33	47	0.50	~
FILE	072.png	1041	2532
L	286	289	177	53	0.50	뭐야 씨..
L	297	345	143	48	0.50	이 애들
L	293	399	199	54	1.00	장난감은..
L	220	691	58	29	0.30	지잉
FILE	073.png	1041	2532
FILE	074.png	1041	2532
L	426	2123	180	180	0.50	내
L	260	2243	611	241	0.50	도시락!!
FILE	075.png	1041	2532
FILE	076.png	1041	2532
L	426	238	66	40	0.30	꾸물
L	275	415	62	37	0.30	꾸물
L	654	463	69	37	0.50	꾸물
L	522	621	66	37	0.30	꾸물
L	456	2071	77	18	0.50	SAAAK
FILE	077.png	1041	2532
L	511	1118	161	62	0.50	반갑다
L	507	1177	187	70	0.50	광남아.
L	150	1324	165	198	0.50	스
L	150	1626	198	279	0.30	윽
FILE	078.png	1041	2532
L	632	58	158	18	1.00	.......
L	378	1493	272	46	1.00	설마.... 그때....
FILE	079.png	1041	2532
L	268	404	473	48	1.00	...아트만으로 흡수된 건가...
FILE	080.png	1041	2532
L	559	962	198	115	0.50	안드••
L	161	1397	77	48	0.50	부를
L	235	1497	106	62	0.50	부들
L	169	1732	88	52	0.50	부들
L	540	2097	257	48	1.00	..하..지마....
FILE	081.png	1041	2532
L	559	1707	191	47	1.00	...제발.....
L	540	1759	240	54	0.50	부탁..이야...
FILE	082.png	1041	2532
L	503	713	36	44	0.30	들
L	511	879	77	55	0.50	부들
FILE	083.png	1041	2532
L	311	1155	376	109	0.50	너도 한 번
L	342	1269	342	110	0.50	당해봐..!
L	102	2410	794	36	0.50	만화는입구가아닌탈출구입니다 따라하지마시고해소하세요
L	732	2451	165	26	0.50	@ : SvK.exe
