FILE	000.png	2340	5064
FILE	001.png	2340	5064
FILE	002.png	2340	5064
FILE	003.png	2340	5064
FILE	004.png	2340	5064
FILE	005.png	2340	5064
FILE	006.png	2340	5064
L	1022	875	154	81	0.50	!!!
FILE	007.png	2340	5064
FILE	008.png	2340	5064
L	1398	3702	66	73	0.30	팟
FILE	009.png	2340	5064
L	1302	603	73	103	0.30	훌
FILE	010.png	2340	5064
FILE	011.png	2340	5064
FILE	012.png	2340	5064
L	1685	2362	58	220	0.30	뿡뚱공
L	1734	2367	74	204	0.30	씨씨씨
L	1802	2370	51	198	0.50	AAA
FILE	013.png	2340	5064
FILE	014.png	2340	5064
FILE	015.png	2340	5064
FILE	016.png	2340	5064
FILE	017.png	2340	5064
FILE	018.png	2340	5064
FILE	019.png	2340	5064
L	1552	1177	147	80	0.30	못#
L	1508	1280	272	95	0.30	한물빛,
L	1560	1383	147	80	0.50	☆구 1g
L	1464	1691	339	90	0.50	뽀또••••••?
L	448	2825	520	81	0.50	치*-표, 38근조
L	566	3010	257	88	0.50	3K.*. 페
FILE	020.png	2340	5064
FILE	021.png	2340	5064
L	375	2295	1626	420	0.50	우주대선
L	544	2796	1331	287	0.50	SEHINI
FILE	022.png	2340	5064
L	470	3753	264	272	0.50	번
L	1000	4092	139	147	0.50	®
L	1398	4269	345	353	0.30	쩍
FILE	023.png	2340	5064
FILE	024.png	2340	5064
FILE	025.png	2340	5064
FILE	026.png	2340	5064
FILE	027.png	2340	5064
FILE	028.png	2340	5064
FILE	029.png	2340	5064
FILE	030.png	2340	5064
FILE	031.png	2340	5064
FILE	032.png	2340	5064
FILE	033.png	2340	5064
FILE	034.png	2340	5064
FILE	035.png	2340	5064
FILE	036.png	2336	4448
FILE	037.png	2340	5064
FILE	038.png	2340	5064
FILE	039.png	2340	5064
FILE	040.png	2340	5064
L	750	0	228	257	0.50	?
L	1118	309	66	58	0.30	_
FILE	041.png	2340	5064
FILE	042.png	2340	5064
FILE	043.png	2340	5064
FILE	044.png	2340	5064
L	325	3643	743	638	0.50	2
FILE	045.png	2340	5064
FILE	046.png	2340	5064
FILE	047.png	2340	5064
FILE	048.png	2340	5064
FILE	049.png	2340	5064
L	794	3326	117	59	0.50	{.
L	1147	3452	66	22	0.50	..
FILE	050.png	2340	5064
FILE	051.png	2336	4932
FILE	052.png	2340	5064
L	605	1764	878	613	0.50	그 자식도
L	537	1832	316	302	0.30	병준
L	535	2065	926	714	0.50	7찾고
FILE	053.png	2340	5064
FILE	054.png	2340	5064
FILE	055.png	2340	5064
FILE	056.png	2340	5064
FILE	057.png	2340	5064
L	1339	1383	169	44	0.50	특별선언
FILE	058.png	2340	5064
L	1398	1685	66	80	0.30	웅
L	588	3422	147	59	0.50	1210
FILE	059.png	2340	5064
FILE	060.png	2340	5064
FILE	061.png	2340	5064
L	654	3452	132	103	0.50	스
L	897	3466	51	51	0.50	^
L	470	3466	132	103	0.50	스
FILE	062.png	2340	5064
FILE	063.png	2340	5064
FILE	064.png	2340	5064
FILE	065.png	2340	5064
L	1328	232	145	232	0.50	EN
FILE	066.png	2340	5064
L	706	713	375	221	0.50	감기
L	478	934	743	339	0.50	또 라고20
FILE	067.png	2340	5064
FILE	068.png	2340	5064
L	662	743	949	419	0.50	전기는게!
FILE	069.png	2340	5064
FILE	070.png	2340	5064
FILE	071.png	2340	5064
FILE	072.png	2340	5064
FILE	073.png	2340	5064
L	399	386	1450	653	0.50	우와아아악가!
FILE	074.png	2340	5064
FILE	075.png	2340	5064
FILE	076.png	2340	5064
FILE	077.png	2340	5064
FILE	078.png	2340	5064
FILE	079.png	2340	5064
FILE	080.png	2340	5064
FILE	081.png	2340	5064
FILE	082.png	2340	5064
FILE	083.png	2340	5064
FILE	084.png	2340	5064
FILE	085.png	2340	5064
L	708	3466	802	284	1.00	Larer t 541548
FILE	086.png	2340	5064
FILE	087.png	2340	5064
FILE	088.png	2340	5064
FILE	089.png	2340	5064
FILE	090.png	2340	5064
FILE	091.png	2340	5064
FILE	092.png	2340	5064
FILE	093.png	2338	1824
FILE	094.png	2340	5064
FILE	095.png	2340	5064
FILE	096.png	2340	5064
FILE	097.png	2340	5064
FILE	098.png	2340	5064
FILE	099.png	2340	5064
FILE	100.png	2340	5064
FILE	101.png	2340	5064
FILE	102.png	2340	5064
FILE	103.png	2340	5064
FILE	104.png	2340	5064
L	688	1841	793	287	1.00	Trayert 541549
FILE	105.png	2340	5064
FILE	106.png	2340	5064
FILE	107.png	2340	5064
FILE	108.png	2340	5064
FILE	109.png	2340	5064
FILE	110.png	2340	5064
L	1022	4673	147	37	0.50	SAAAK
FILE	111.png	2340	5064
L	757	4438	831	618	1.00	10
FILE	112.png	2340	5064
FILE	113.png	2340	5064
L	1074	1045	448	485	0.30	펑
FILE	114.png	2340	5064
FILE	115.png	2340	5064
FILE	116.png	2340	5064
L	910	2683	835	2354	0.50	0년
FILE	117.png	2340	5064
FILE	118.png	2340	5064
L	554	3381	547	317	0.30	$⑨
FILE	119.png	2340	5064
FILE	120.png	2340	5064
FILE	121.png	2340	5064
FILE	122.png	2340	5064
FILE	123.png	2340	5064
FILE	124.png	2340	5064
L	1412	640	110	117	0.30	쿵
L	1066	1648	88	95	0.30	쿵
L	1611	2068	147	154	0.30	쿵
L	1405	3106	117	125	0.30	쿵
L	1479	4210	117	139	0.30	텅
FILE	125.png	2340	5064
FILE	126.png	2340	5064
L	1743	1626	294	162	0.30	스윽
FILE	127.png	2340	5064
L	1449	4327	103	95	0.30	쭉
L	1250	4519	110	117	0.30	쭉
L	986	4762	103	110	0.30	쭉
FILE	128.png	2340	5064
FILE	129.png	2340	5064
FILE	130.png	2340	5064
FILE	131.png	2340	5064
FILE	132.png	2340	5064
FILE	133.png	2340	5064
FILE	134.png	2340	5064
L	1155	588	125	147	0.30	펑
FILE	135.png	2340	5064
FILE	136.png	2340	5064
FILE	137.png	2340	4354
FILE	138.png	2336	2552
L	1542	137	77	219	0.50	슈 우 우
FILE	139.png	2340	5064
FILE	140.png	2340	5064
FILE	141.png	2340	5064
FILE	142.png	2340	5064
L	529	3385	1214	728	0.50	라!!!
FILE	143.png	2340	5064
L	1243	655	360	110	0.50	잘그락..
L	426	1737	529	787	0.50	두
FILE	144.png	2340	5064
FILE	145.png	2340	5064
L	478	36	66	88	0.30	링
L	1508	206	80	88	0.30	팅
L	1192	382	73	103	0.30	팅
L	566	471	58	80	0.30	팅
L	1530	596	88	103	0.30	팅
L	743	2031	58	73	0.30	팅
L	1052	2156	58	80	0.30	팅
L	1574	2259	58	73	0.30	팅
L	463	2399	58	73	0.30	팅
L	1074	2495	58	80	0.30	팅
L	1221	4313	36	44	0.50	투
FILE	146.png	2340	5064
L	743	2112	213	191	0.50	두
L	1368	2289	117	132	0.50	두
L	1162	2598	272	250	0.50	두
L	1331	2907	154	161	0.50	두
FILE	147.png	2340	5064
FILE	148.png	2340	5064
L	147	611	1749	823	0.30	주있으
L	353	1744	88	103	0.30	쿵
L	1236	2980	117	117	0.30	쿵
L	1228	3555	95	44	0.30	~
FILE	149.png	2340	5064
FILE	150.png	2340	5064
FILE	151.png	2340	5064
FILE	152.png	2340	5064
FILE	153.png	2340	5064
L	919	647	103	103	0.30	근
L	1456	706	125	147	0.30	늘
FILE	154.png	2340	5064
L	1214	3349	279	88	0.50	MMW
FILE	155.png	2340	5064
FILE	156.png	2340	5064
L	883	2075	927	552	0.50	두
FILE	157.png	2340	5064
FILE	158.png	2340	5064
FILE	159.png	2340	5064
FILE	160.png	2340	5064
L	1169	1023	390	1766	0.50	하계세 끝
FILE	161.png	2340	5064
FILE	162.png	2340	5064
FILE	163.png	2340	5064
L	580	3744	325	58	0.50	77m 1∞:
FILE	164.png	2340	5064
FILE	165.png	2340	5064
FILE	166.png	2340	5064
FILE	167.png	2340	5064
FILE	168.png	2338	3730
FILE	169.png	2340	5064
L	1471	4224	147	88	0.30	저벽
L	1280	4629	139	81	0.30	저벅
L	919	4916	132	73	0.30	저벅
FILE	170.png	2340	5064
L	1353	36	147	96	0.50	저벅
L	1074	455	154	89	0.50	저벅
L	1537	713	154	89	0.50	저벅
L	1449	1302	154	89	0.50	저벅
L	993	1692	147	88	0.50	저벅
L	1376	1950	191	154	1.00	..?
L	559	2774	147	89	0.50	저벅
L	713	3157	147	81	0.30	저벅
L	522	3540	147	88	0.50	저벅
L	838	4562	728	449	0.30	척-
FILE	171.png	2340	5064
L	860	0	721	294	0.30	_는
L	1113	4742	632	216	0.50	..;b!? n
FILE	172.png	2340	5064
L	971	743	765	265	0.50	다다다
FILE	173.png	2340	5064
L	308	179	1521	1085	0.50	우당탕
L	1442	3091	80	80	0.50	V
FILE	174.png	2340	5064
L	417	394	1381	326	0.50	> 뭐긴 뭐여. 있
L	757	647	736	313	0.50	승부다!!!
L	728	1185	441	412	0.50	화
L	470	1825	397	463	0.30	앜
FILE	175.png	2340	5064
L	1353	610	338	287	0.30	퍼
L	537	743	419	471	0.30	퍽
L	526	1326	824	508	1.00	이러 상황에서
L	1099	1535	339	160	0.50	1기록
L	713	2716	949	169	0.50	1w
FILE	176.png	2340	5064
FILE	177.png	2340	5064
L	522	2831	789	475	0.50	3m2
FILE	178.png	2340	5064
FILE	179.png	2340	5064
FILE	180.png	2340	5064
L	1345	2743	444	99	1.00	1 1.
L	1096	2789	58	51	0.30	"
FILE	181.png	2340	5064
FILE	182.png	2340	5064
FILE	183.png	2340	5064
FILE	184.png	2340	5064
L	1434	3326	36	44	0.50	E
L	1000	4077	154	36	0.50	SAAAK
