FILE	000.png	1170	2532
FILE	001.png	1170	2532
FILE	002.png	1170	2532
FILE	003.png	1170	2532
L	684	1802	62	33	0.50	0C%
FILE	004.png	1170	2532
FILE	005.png	1170	2532
FILE	006.png	1170	2532
FILE	007.png	1170	2532
FILE	008.png	1170	2532
FILE	009.png	1170	2532
L	651	305	36	44	0.30	훌
FILE	010.png	1170	2532
FILE	011.png	1170	2532
FILE	012.png	1170	2532
L	838	1181	33	110	0.30	뿡뚱공
L	901	1185	22	99	0.50	AAC
L	868	1185	33	99	0.30	씨씨씨
FILE	013.png	1170	2532
FILE	014.png	1170	2532
FILE	015.png	1170	2532
FILE	016.png	1170	2532
FILE	017.png	1170	2532
FILE	018.png	1170	2532
FILE	019.png	1170	2532
L	776	794	77	44	0.30	☆t
L	728	845	169	46	0.50	뽀뽀......?
L	283	1505	128	44	0.50	3k.*. 파
FILE	020.png	1170	2532
FILE	021.png	1170	2532
L	151	1100	886	308	0.50	우주대선
L	271	1393	660	145	0.50	SSHINI
FILE	022.png	1170	2532
L	231	1876	132	136	0.50	번
L	699	2130	169	180	0.30	쩍
FILE	023.png	1170	2532
FILE	024.png	1170	2532
FILE	025.png	1170	2532
FILE	026.png	1170	2532
FILE	027.png	1170	2532
L	143	2119	158	125	0.50	~+
FILE	028.png	1170	2532
FILE	029.png	1170	2532
FILE	030.png	1170	2532
FILE	031.png	1170	2532
FILE	032.png	1170	2532
FILE	033.png	1170	2532
FILE	034.png	1170	2532
L	342	1678	22	25	0.50	.?
FILE	035.png	1170	2532
L	716	896	90	63	0.50	CJ
FILE	036.png	1168	2224
FILE	037.png	1170	2532
FILE	038.png	1170	2532
FILE	039.png	1170	2532
FILE	040.png	1170	2532
FILE	041.png	1170	2532
FILE	042.png	1170	2532
FILE	043.png	1170	2532
FILE	044.png	1170	2532
FILE	045.png	1170	2532
FILE	046.png	1170	2532
FILE	047.png	1170	2532
FILE	048.png	1170	2532
FILE	049.png	1170	2532
L	573	1707	77	33	0.50	•,;,,
FILE	050.png	1170	2532
FILE	051.png	1168	2466
FILE	052.png	1170	2532
L	310	887	423	293	0.50	그 자식도
L	268	915	154	151	0.30	병준
L	267	1018	486	382	0.50	7찾고
FILE	053.png	1170	2532
FILE	054.png	1170	2532
FILE	055.png	1170	2532
FILE	056.png	1170	2532
FILE	057.png	1170	2532
L	665	687	88	30	0.50	특별선인
FILE	058.png	1170	2532
L	699	842	33	40	0.30	웅
FILE	059.png	1170	2532
FILE	060.png	1170	2532
FILE	061.png	1170	2532
L	323	1726	69	51	0.50	스
L	235	1733	73	51	0.50	스
FILE	062.png	1170	2532
FILE	063.png	1170	2532
L	246	533	121	239	0.30	번
FILE	064.png	1170	2532
FILE	065.png	1170	2532
L	664	105	78	126	0.30	E0
FILE	066.png	1170	2532
L	235	463	371	173	0.30	또리고기
FILE	067.png	1170	2532
FILE	068.png	1170	2532
L	294	136	382	213	0.30	그그
L	327	368	481	225	0.30	전하는까!
FILE	069.png	1170	2532
FILE	070.png	1170	2532
FILE	071.png	1170	2532
FILE	072.png	1170	2532
FILE	073.png	1170	2532
L	200	209	678	310	0.50	우와아아악!!
L	186	389	695	334	0.50	잠깐! 타임!!
FILE	074.png	1170	2532
FILE	075.png	1170	2532
FILE	076.png	1170	2532
FILE	077.png	1170	2532
FILE	078.png	1170	2532
FILE	079.png	1170	2532
FILE	080.png	1170	2532
FILE	081.png	1170	2532
FILE	082.png	1170	2532
FILE	083.png	1170	2532
FILE	084.png	1170	2532
FILE	085.png	1170	2532
L	340	1729	413	144	1.00	Ir arer t 541548
FILE	086.png	1170	2532
FILE	087.png	1170	2532
FILE	088.png	1170	2532
FILE	089.png	1170	2532
FILE	090.png	1170	2532
FILE	091.png	1170	2532
FILE	092.png	1170	2532
FILE	093.png	1169	912
FILE	094.png	1170	2532
FILE	095.png	1170	2532
FILE	096.png	1170	2532
FILE	097.png	1170	2532
FILE	098.png	1170	2532
L	200	1466	611	1055	0.30	엉
FILE	099.png	1170	2532
FILE	100.png	1170	2532
L	233	1456	468	706	0.50	에
FILE	101.png	1170	2532
FILE	102.png	1170	2532
FILE	103.png	1170	2532
FILE	104.png	1170	2532
L	335	920	405	142	1.00	Layer 8 541549
FILE	105.png	1170	2532
FILE	106.png	1170	2532
FILE	107.png	1170	2532
FILE	108.png	1170	2532
FILE	109.png	1170	2532
FILE	110.png	1170	2532
L	511	2336	73	19	0.50	SAAAK
FILE	111.png	1170	2532
L	378	2219	423	309	1.00	10
FILE	112.png	1170	2532
FILE	113.png	1170	2532
L	533	522	220	209	0.30	펑
FILE	114.png	1170	2532
FILE	115.png	1170	2532
FILE	116.png	1170	2532
L	461	389	128	484	0.30	보부
L	451	1341	421	1177	0.50	0년
FILE	117.png	1170	2532
FILE	118.png	1170	2532
L	283	1733	106	103	0.50	(),
FILE	119.png	1170	2532
FILE	120.png	1170	2532
FILE	121.png	1170	2532
FILE	122.png	1170	2532
FILE	123.png	1170	2532
FILE	124.png	1170	2532
L	791	736	51	84	0.30	쿵
L	533	824	40	44	0.30	쿵
L	294	1361	77	73	0.30	쿵
L	702	1553	58	62	0.30	쿵
L	739	2101	58	73	0.30	텅
FILE	125.png	1170	2532
FILE	126.png	1170	2532
L	868	812	150	81	0.30	스윽
FILE	127.png	1170	2532
L	621	2259	58	62	0.30	쭉
L	489	2381	55	55	0.30	쭉
FILE	128.png	1170	2532
FILE	129.png	1170	2532
FILE	130.png	1170	2532
FILE	131.png	1170	2532
L	208	385	665	501	1.00	43
FILE	132.png	1170	2532
FILE	133.png	1170	2532
FILE	134.png	1170	2532
L	577	290	58	77	0.30	펑
FILE	135.png	1170	2532
FILE	136.png	1170	2532
FILE	137.png	1170	2177
FILE	138.png	1168	1276
L	771	67	37	84	0.50	슈 우
FILE	139.png	1170	2532
FILE	140.png	1170	2532
FILE	141.png	1170	2532
FILE	142.png	1170	2532
L	264	1700	607	361	1.00	라!!!
FILE	143.png	1170	2532
L	625	334	172	48	0.50	잘그락..
L	213	868	264	382	0.50	두
FILE	144.png	1170	2532
FILE	145.png	1170	2532
L	239	18	33	44	0.30	링
L	754	106	33	40	0.30	팅
L	592	195	40	47	0.30	팅
L	250	463	33	51	0.30	팅
L	776	842	40	40	0.30	팅
L	371	1015	29	36	0.30	팅
L	522	1078	33	40	0.30	팅
L	231	1196	29	40	0.30	팅
L	533	1247	33	40	0.30	팅
L	334	1299	25	29	0.30	팅
FILE	146.png	1170	2532
L	371	1056	103	95	0.50	두
L	680	1144	62	66	0.50	두
L	577	1302	136	121	0.50	두
L	665	1453	77	80	0.50	두
FILE	147.png	1170	2532
FILE	148.png	1170	2532
L	73	305	874	411	0.30	주있으
L	176	872	44	51	0.30	쿵
L	772	1170	40	51	0.30	쿵
L	618	1490	55	58	0.30	쿵
FILE	149.png	1170	2532
FILE	150.png	1170	2532
FILE	151.png	1170	2532
FILE	152.png	1170	2532
L	779	1880	66	136	0.50	, ?;
FILE	153.png	1170	2532
L	338	276	58	62	0.30	꾸
L	728	356	62	73	0.50	늘
FILE	154.png	1170	2532
FILE	155.png	1170	2532
FILE	156.png	1170	2532
L	417	1019	502	315	0.50	두
FILE	157.png	1170	2532
FILE	158.png	1170	2532
FILE	159.png	1170	2532
FILE	160.png	1170	2532
L	578	514	202	880	0.50	하계 세 끝
FILE	161.png	1170	2532
FILE	162.png	1170	2532
FILE	163.png	1170	2532
FILE	164.png	1170	2532
FILE	165.png	1170	2532
FILE	166.png	1170	2532
FILE	167.png	1170	2532
FILE	168.png	1169	1865
FILE	169.png	1170	2532
L	735	2112	73	40	0.30	저벅
L	640	2314	69	40	0.30	저벅
L	459	2458	66	37	0.30	저벅
FILE	170.png	1170	2532
L	673	22	73	44	0.50	저벅
L	537	228	73	44	0.50	저벅
L	768	356	77	44	0.50	저벅
L	724	651	73	44	0.50	저벅
L	496	846	73	45	0.50	저벅
L	688	971	99	81	1.00	..?
L	279	1386	73	45	0.30	저벅
L	356	1578	73	40	0.30	저벅
L	261	1769	73	44	0.50	저벅
L	419	2281	364	228	0.30	척-
FILE	171.png	1170	2532
L	629	419	191	187	0.30	생기:
L	295	2013	303	166	0.50	저게에-
L	555	2376	350	100	0.50	네 나여!:.
FILE	172.png	1170	2532
L	493	371	371	132	0.50	다다다
L	257	1880	327	493	0.30	익
FILE	173.png	1170	2532
L	265	1138	622	158	0.50	rgar kars
L	717	1542	44	44	0.30	^
L	662	1545	51	47	0.50	^
FILE	174.png	1170	2532
L	208	197	690	163	0.50	> 뭐긴 뭐여. 2
L	378	319	369	165	0.50	승부다!!!
L	367	603	213	195	0.50	화
L	235	912	198	231	0.30	앜
L	393	1946	518	196	0.50	~~'
FILE	175.png	1170	2532
L	676	305	169	147	0.30	퍼
L	268	371	209	231	0.30	퍽
L	263	663	411	253	1.00	이러 상황에서
L	548	769	169	77	0.50	2기록
L	356	1358	478	92	0.50	1w.
FILE	176.png	1170	2532
FILE	177.png	1170	2532
FILE	178.png	1170	2532
FILE	179.png	1170	2532
FILE	180.png	1170	2532
L	617	1364	275	64	1.00	1ㅅ.
L	548	1394	36	22	0.50	"
FILE	181.png	1170	2532
FILE	182.png	1170	2532
FILE	183.png	1170	2532
FILE	184.png	1170	2532
L	522	1663	29	29	0.30	ㄴ
L	500	2038	73	18	0.50	SAAAK
